{
  "mean": [
    66799.05133321839,
    8.291836238849154,
    0.2738931926928734,
    24.905394774976195,
    2.1738240519996506
  ],
  "stdvar": [
    67554.83392132363,
    5.6669056060845,
    0.09746721046542821,
    31.188568701768524,
    1.4280657515838908
  ]
}